osm_id,levels,roof,palette,facade,entrances,balconies,ground,pattern,end_rgb,balcony_rgb
27295932,5,flat,205 200 190;150 190 200,panel,,,,,,
28289973,5,,210 195 165;120 90 70,brick,,,,,,
75369845,5,,190 90 60;230 225 215,brick,,,,,,
75369852,9,,225 220 210;190 100 70,panel,,,,,,
81250511,5,,190 90 55;220 200 170,brick,,,,,,
81350574,5,,215 195 160,plaster,,,,,,
91762756,10,,180 80 55,brick,,,,,,
91762773,9,,210 205 195,panel,,,,,,
91762780,5,,215 195 160,plaster,,,,,,
91762833,9,,200 185 150,panel,,,,,,
145990598,5,pitched dark,190 90 60;230 225 215,brick,,,,,,
185230276,5,,220 195 150;200 70 40,brick,,,,,,
217832017,5,pitched tan,195 100 55;235 230 220,brick,,,,,,
217832856,10,,215 195 150,panel,,,,,,
217833533,9,,190 90 55;230 225 215,brick,,,,,,
429439180,19,,210 195 165,brick,,,,,,
936191275,5,,180 70 50;200 195 190,brick,,,,,,
1490462449,5,,190 90 55,brick,,,,,,
1490462450,5,,190 90 55;230 225 215,brick,,,,,,
91762800,3,flat,215 185 130;150 70 55,brick,,,,,,
91762709,10,,150 70 55,brick,,,,,,
27295178,5,,220 215 200,panel,,,,,,
217831342,7,,150 70 55,brick,,,,,,
465011502,1,pitched dark,200 100 60,brick,,,,,,
rel18248257,9,,190 100 70,brick,,,,,,
28289990,5,pitched dark,225 225 220,panel,,,,,,
197920493,5,,210 195 175,brick,,,,,,
27295169,9,,215 205 180;230 120 40,panel,,,,,,
27295906,9,,150 145 130,panel,,,,,,
27295165,5,flat,210 190 160,brick,1,none,residential,,,
27295176,5,flat,150 70 55,brick,,none,shops,,,
27295181,5,pitched 60 140 200,,,,,residential,,,
27295182,5,,200 190 165,brick,,none,residential,,,
27295190,2,flat 150 150 150,,,,,,,,
27295912,9,pitched 55 85 65,,,,,,,,
27295946,5,flat,200 140 130,panel,1,none,residential,,,
27295953,9,flat 150 150 150,,,,,,,,
27296380,9,flat 145 145 145,,,,,,,,
28289980,5,flat 140 140 140,,,,,,,,
28289984,2,pitched 90 90 95,,,,,,,,
75369858,9,flat,195 150 110,brick,,,,,,
81249415,9,,210 190 165,brick,,glazed_loggia,shops,,,
81250509,9,,165 90 65,brick,,open,shops,,,
81250513,5,,155 75 55,brick,,,office,,,
84660123,3,flat 195 90 100,,,,,,,,
91762803,1,pitched 50 110 190,,,,,shops,,,
91762847,5,flat,225 220 210;150 60 50,,,,,,,
185230847,5,flat 135 135 135,,,,,,,,
207133938,1,flat,225 210 180;180 50 40,panel,1,none,shops,,,180 50 40
217830615,9,flat,215 195 165;230 225 215,brick,,open,shops,,,230 225 215
217830617,9,flat,230 200 150,panel,,,,,,
217830766,9,flat,175 90 65;230 225 215,brick,,glazed_loggia,,balcony_stripes,,230 225 215
217831539,16,flat 130 130 135,,,,,,,,
217831540,16,flat,200 200 195;210 130 60,panel,1,glazed_loggia,shops,,,210 130 60
355393725,5,flat 140 140 140,,,,,,,,
355393731,17,flat,225 205 145,panel,,,,,,
355393732,2,flat 150 150 150,,,,,shops,,,
355393745,,,220 215 205;150 70 55,panel,,,residential,,,
355393748,10,flat,210 195 165;150 60 50,panel,1,open,shops,,,150 60 50
355393753,14,flat,180 90 60;230 225 215,brick,2,open,residential,balcony_stripes,,230 225 215
371996234,7,flat,150 60 50;230 230 225,brick,1,glazed_loggia,residential,,,230 230 225
371996241,,,225 210 170;200 100 40,brick,,,shops,,,
371996242,9,flat 100 100 105,,,,,,,,
429439179,9,flat 95 95 100,,,,,,,,
429439181,18,flat 110 110 115,,,,,,,,
429439185,21,flat 110 110 115,,,,,,,,
440142435,9,flat 150 150 150,,,,,,,,
723980409,4,pitched 220 120 60,,,,,residential,,,
723980410,4,pitched 190 110 60,,,,,residential,,,
776164883,4,pitched 220 120 60,,,,,residential,,,
993822390,10,flat,170 90 60;230 225 215,brick,1,open,shops,,,230 225 215
1330567104,9,flat,150 75 55;210 205 190,brick,,,,,,
355393728,5,flat 150 150 150,205 165 95;140 70 55,panel,,none,residential,,,140 70 55
